City,,,
Flagstaff,,,
Lake Havasu City,,,
Prescott,,,
Buckeye,,,
Scottsdale,,,
Gilbert,,,
Tucson,,,
Oro Valley,,,
Mesa,,,
Maricopa,,,
Goodyear,,,
Sierra Vista,,,
Chandler,,,
Peoria,,,
Tempe,,,
Avondale,,,
Casa Grande,,,
Surprise,,,
Yuma,,,
Phoenix,,,
Glendale,,,
Roswell,,,
Albuquerque,,,
Rio Rancho,,,
Santa Fe,,,
Las Cruces,,,
Farmington,,,
Tulsa,,,
Oklahoma City,,,
Lawton,,,
Broken Arrow,,,
Stillwater,,,
Midwest City,,,
Edmond,,,
Enid,,,
Norman,,,
Moore,,,
Lubbock,,,
Rowlett,,,
North Richland Hills,,,
Dallas,,,
Pearland,,,
Conroe,,,
San Antonio,,,
Baytown,,,
Mission,,,
Allen,,,
Abilene,,,
Wichita Falls,,,
Missouri City,,,
Pharr,,,
Midland,,,
Rockwall,,,
DeSoto,,,
Brownsville,,,
Flower Mound,,,
Grapevine,,,
Mansfield,,,
Austin,,,
Bedford,,,
Harlingen,,,
Denton,,,
Galveston,,,
Laredo,,,
Haltom City,,,
Sugar Land,,,
San Angelo,,,
McAllen,,,
McKinney,,,
Killeen,,,
Amarillo,,,
Longview,,,
Grand Prairie,,,
Mesquite,,,
Garland,,,
Port Arthur,,,
Burleson,,,
Frisco,,,
Richardson,,,
San Marcos,,,
New Braunfels,,,
Irving,,,
Houston,,,
Beaumont,,,
Odessa,,,
Georgetown,,,
Keller,,,
Euless,,,
Pasadena,,,
El Paso,,,
Edinburg,,,
Texas City,,,
Temple,,,
Pflugerville,,,
Victoria,,,
Wylie,,,
Carrollton,,,
Round Rock,,,
Cedar Park,,,
Bryan,,,
Plano,,,
Coppell,,,
College Station,,,
Fort Worth,,,
Tyler,,,
Waco,,,
Arlington,,,
Lewisville,,,
League City,,,
Cedar Hill,,,
Corpus Christi,,,
